name,viable,score,n_total,n_motion,noise_mean,fg_event_ratio_mean,fg_events_mean,event_keep_ratio,mask_fg_mean,mask_lcc_ratio_mean,mask_presence_ratio,lambda_mean,omega_mean,ds_params,seg_params
all_off_baseline,True,0.474800,2113,1122,0.474800,0.122835,112.174688,1.000000,31.686275,0.082924,0.126560,0.546543,0.637918,count_image_topic=count_image events_topic=events imu_topic=imu lambda_a=0.70 lambda_b=0.10 metrics_enable=true metrics_log_stats=false metrics_motion_omega_min=0.10 noise_metrics_topic=/event_noise_metrics post_hot_pixel_enable=false post_hot_pixel_max_events_per_pixel=10 post_refractory_enable=false post_refractory_us=250 postfilter_adaptive_enable=true postfilter_adaptive_min_keep_pixels=8 postfilter_adaptive_min_keep_ratio=0.03 postfilter_apply_to_compensated_events=true postfilter_enable=false postfilter_min_component_pixels=3 postfilter_min_count_in_neighborhood=3 postfilter_min_count_per_pixel=1 postfilter_neighbor_radius_px=1 prefilter_ba_enable=false prefilter_ba_min_neighbors=1 prefilter_ba_radius_px=1 prefilter_ba_same_polarity_only=false prefilter_ba_support_from_kept_only=false prefilter_ba_window_us=2200 prefilter_enable=false prefilter_hot_pixel_enable=false prefilter_hot_pixel_max_events_per_batch=10 prefilter_refractory_enable=false prefilter_refractory_us=800,log_stats=false min_count=1 morph_close=false morph_kernel=3 morph_open=false
pref_ba_strict,False,0.820529,807,418,0.476211,0.127097,110.892344,1.000000,92.799043,0.035182,0.339713,0.544534,0.635048,count_image_topic=count_image events_topic=events imu_topic=imu lambda_a=0.70 lambda_b=0.10 metrics_enable=true metrics_log_stats=false metrics_motion_omega_min=0.10 noise_metrics_topic=/event_noise_metrics post_hot_pixel_enable=false post_hot_pixel_max_events_per_pixel=10 post_refractory_enable=false post_refractory_us=250 postfilter_adaptive_enable=true postfilter_adaptive_min_keep_pixels=8 postfilter_adaptive_min_keep_ratio=0.03 postfilter_apply_to_compensated_events=true postfilter_enable=false postfilter_min_component_pixels=3 postfilter_min_count_in_neighborhood=3 postfilter_min_count_per_pixel=1 postfilter_neighbor_radius_px=1 prefilter_ba_enable=true prefilter_ba_min_neighbors=2 prefilter_ba_radius_px=1 prefilter_ba_same_polarity_only=false prefilter_ba_support_from_kept_only=true prefilter_ba_window_us=3200 prefilter_enable=true prefilter_hot_pixel_enable=false prefilter_hot_pixel_max_events_per_batch=10 prefilter_refractory_enable=false prefilter_refractory_us=800,log_stats=false min_count=1 morph_close=false morph_kernel=3 morph_open=false
rand_029,False,0.838120,293,140,0.470771,0.144821,122.135714,1.000000,123.214286,0.013023,0.464286,0.516058,0.594369,count_image_topic=count_image events_topic=events imu_topic=imu lambda_a=0.826 lambda_b=0.040 metrics_enable=true metrics_log_stats=false metrics_motion_omega_min=0.10 noise_metrics_topic=/event_noise_metrics post_hot_pixel_enable=true post_hot_pixel_max_events_per_pixel=9 post_refractory_enable=false post_refractory_us=250 postfilter_adaptive_enable=false postfilter_adaptive_min_keep_pixels=10 postfilter_adaptive_min_keep_ratio=0.05 postfilter_apply_to_compensated_events=true postfilter_enable=true postfilter_min_component_pixels=3 postfilter_min_count_in_neighborhood=3 postfilter_min_count_per_pixel=1 postfilter_neighbor_radius_px=1 prefilter_ba_enable=true prefilter_ba_min_neighbors=3 prefilter_ba_radius_px=2 prefilter_ba_same_polarity_only=true prefilter_ba_support_from_kept_only=true prefilter_ba_window_us=2200 prefilter_enable=true prefilter_hot_pixel_enable=false prefilter_hot_pixel_max_events_per_batch=9 prefilter_refractory_enable=true prefilter_refractory_us=1500,log_stats=false min_count=1 morph_close=false morph_kernel=3 morph_open=false
mut_004_rand_029,False,0.844790,2467,1296,0.476914,0.131277,118.636574,1.000000,121.694444,0.012784,0.422068,0.540046,0.628637,count_image_topic=count_image events_topic=events imu_topic=imu lambda_a=0.946 lambda_b=0.020 metrics_enable=true metrics_log_stats=false metrics_motion_omega_min=0.10 noise_metrics_topic=/event_noise_metrics post_hot_pixel_enable=true post_hot_pixel_max_events_per_pixel=9 post_refractory_enable=false post_refractory_us=250 postfilter_adaptive_enable=false postfilter_adaptive_min_keep_pixels=10 postfilter_adaptive_min_keep_ratio=0.05 postfilter_apply_to_compensated_events=true postfilter_enable=true postfilter_min_component_pixels=3 postfilter_min_count_in_neighborhood=3 postfilter_min_count_per_pixel=1 postfilter_neighbor_radius_px=1 prefilter_ba_enable=true prefilter_ba_min_neighbors=3 prefilter_ba_radius_px=2 prefilter_ba_same_polarity_only=true prefilter_ba_support_from_kept_only=true prefilter_ba_window_us=2500 prefilter_enable=true prefilter_hot_pixel_enable=false prefilter_hot_pixel_max_events_per_batch=7 prefilter_refractory_enable=true prefilter_refractory_us=1500,log_stats=false min_count=1 morph_close=false morph_kernel=3 morph_open=false
rand_010,False,0.926997,1322,688,0.461268,0.203200,197.411337,1.000000,76.739826,0.108368,0.226744,0.464807,0.645734,count_image_topic=count_image events_topic=events imu_topic=imu lambda_a=0.505 lambda_b=0.052 metrics_enable=true metrics_log_stats=false metrics_motion_omega_min=0.10 noise_metrics_topic=/event_noise_metrics post_hot_pixel_enable=false post_hot_pixel_max_events_per_pixel=12 post_refractory_enable=false post_refractory_us=450 postfilter_adaptive_enable=true postfilter_adaptive_min_keep_pixels=10 postfilter_adaptive_min_keep_ratio=0.04 postfilter_apply_to_compensated_events=true postfilter_enable=false postfilter_min_component_pixels=2 postfilter_min_count_in_neighborhood=8 postfilter_min_count_per_pixel=1 postfilter_neighbor_radius_px=1 prefilter_ba_enable=false prefilter_ba_min_neighbors=1 prefilter_ba_radius_px=1 prefilter_ba_same_polarity_only=false prefilter_ba_support_from_kept_only=false prefilter_ba_window_us=2200 prefilter_enable=true prefilter_hot_pixel_enable=true prefilter_hot_pixel_max_events_per_batch=10 prefilter_refractory_enable=false prefilter_refractory_us=800,log_stats=false min_count=1 morph_close=false morph_kernel=3 morph_open=false
pref_ba_strict,False,0.967445,309,177,0.471682,0.123498,114.423729,1.000000,74.672316,0.050634,0.265537,0.543165,0.633093,count_image_topic=count_image events_topic=events imu_topic=imu lambda_a=0.70 lambda_b=0.10 metrics_enable=true metrics_log_stats=false metrics_motion_omega_min=0.10 noise_metrics_topic=/event_noise_metrics post_hot_pixel_enable=false post_hot_pixel_max_events_per_pixel=10 post_refractory_enable=false post_refractory_us=250 postfilter_adaptive_enable=true postfilter_adaptive_min_keep_pixels=8 postfilter_adaptive_min_keep_ratio=0.03 postfilter_apply_to_compensated_events=true postfilter_enable=false postfilter_min_component_pixels=3 postfilter_min_count_in_neighborhood=3 postfilter_min_count_per_pixel=1 postfilter_neighbor_radius_px=1 prefilter_ba_enable=true prefilter_ba_min_neighbors=2 prefilter_ba_radius_px=1 prefilter_ba_same_polarity_only=false prefilter_ba_support_from_kept_only=true prefilter_ba_window_us=3200 prefilter_enable=true prefilter_hot_pixel_enable=false prefilter_hot_pixel_max_events_per_batch=10 prefilter_refractory_enable=false prefilter_refractory_us=800,log_stats=false min_count=1 morph_close=false morph_kernel=3 morph_open=false
rand_004,False,0.986012,546,288,0.463936,0.179148,135.142361,1.000000,58.576389,0.135243,0.180556,0.478790,0.620762,count_image_topic=count_image events_topic=events imu_topic=imu lambda_a=0.564 lambda_b=0.075 metrics_enable=true metrics_log_stats=false metrics_motion_omega_min=0.10 noise_metrics_topic=/event_noise_metrics post_hot_pixel_enable=false post_hot_pixel_max_events_per_pixel=9 post_refractory_enable=false post_refractory_us=700 postfilter_adaptive_enable=true postfilter_adaptive_min_keep_pixels=12 postfilter_adaptive_min_keep_ratio=0.04 postfilter_apply_to_compensated_events=true postfilter_enable=false postfilter_min_component_pixels=2 postfilter_min_count_in_neighborhood=8 postfilter_min_count_per_pixel=3 postfilter_neighbor_radius_px=1 prefilter_ba_enable=true prefilter_ba_min_neighbors=1 prefilter_ba_radius_px=2 prefilter_ba_same_polarity_only=false prefilter_ba_support_from_kept_only=false prefilter_ba_window_us=4000 prefilter_enable=true prefilter_hot_pixel_enable=false prefilter_hot_pixel_max_events_per_batch=9 prefilter_refractory_enable=true prefilter_refractory_us=600,log_stats=false min_count=3 morph_close=true morph_kernel=5 morph_open=false
rand_010,False,0.996294,4023,2139,0.461257,0.207532,208.345956,1.000000,41.918654,0.112462,0.195418,0.460846,0.638201,count_image_topic=count_image events_topic=events imu_topic=imu lambda_a=0.505 lambda_b=0.052 metrics_enable=true metrics_log_stats=false metrics_motion_omega_min=0.10 noise_metrics_topic=/event_noise_metrics post_hot_pixel_enable=false post_hot_pixel_max_events_per_pixel=12 post_refractory_enable=false post_refractory_us=450 postfilter_adaptive_enable=true postfilter_adaptive_min_keep_pixels=10 postfilter_adaptive_min_keep_ratio=0.04 postfilter_apply_to_compensated_events=true postfilter_enable=false postfilter_min_component_pixels=2 postfilter_min_count_in_neighborhood=8 postfilter_min_count_per_pixel=1 postfilter_neighbor_radius_px=1 prefilter_ba_enable=false prefilter_ba_min_neighbors=1 prefilter_ba_radius_px=1 prefilter_ba_same_polarity_only=false prefilter_ba_support_from_kept_only=false prefilter_ba_window_us=2200 prefilter_enable=true prefilter_hot_pixel_enable=true prefilter_hot_pixel_max_events_per_batch=10 prefilter_refractory_enable=false prefilter_refractory_us=800,log_stats=false min_count=1 morph_close=false morph_kernel=3 morph_open=false
rand_006,False,1.010807,461,237,0.475068,0.149796,130.185654,1.000000,54.873418,0.046523,0.253165,0.525869,0.623977,count_image_topic=count_image events_topic=events imu_topic=imu lambda_a=0.642 lambda_b=0.107 metrics_enable=true metrics_log_stats=false metrics_motion_omega_min=0.10 noise_metrics_topic=/event_noise_metrics post_hot_pixel_enable=false post_hot_pixel_max_events_per_pixel=9 post_refractory_enable=false post_refractory_us=450 postfilter_adaptive_enable=true postfilter_adaptive_min_keep_pixels=12 postfilter_adaptive_min_keep_ratio=0.02 postfilter_apply_to_compensated_events=true postfilter_enable=true postfilter_min_component_pixels=4 postfilter_min_count_in_neighborhood=6 postfilter_min_count_per_pixel=2 postfilter_neighbor_radius_px=1 prefilter_ba_enable=false prefilter_ba_min_neighbors=2 prefilter_ba_radius_px=1 prefilter_ba_same_polarity_only=false prefilter_ba_support_from_kept_only=false prefilter_ba_window_us=2200 prefilter_enable=true prefilter_hot_pixel_enable=true prefilter_hot_pixel_max_events_per_batch=9 prefilter_refractory_enable=false prefilter_refractory_us=2000,log_stats=false min_count=1 morph_close=false morph_kernel=5 morph_open=false
mut_004_rand_029,False,1.038413,839,424,0.477092,0.144045,126.153302,1.000000,70.117925,0.078692,0.214623,0.531932,0.617045,count_image_topic=count_image events_topic=events imu_topic=imu lambda_a=0.946 lambda_b=0.020 metrics_enable=true metrics_log_stats=false metrics_motion_omega_min=0.10 noise_metrics_topic=/event_noise_metrics post_hot_pixel_enable=true post_hot_pixel_max_events_per_pixel=9 post_refractory_enable=false post_refractory_us=250 postfilter_adaptive_enable=false postfilter_adaptive_min_keep_pixels=10 postfilter_adaptive_min_keep_ratio=0.05 postfilter_apply_to_compensated_events=true postfilter_enable=true postfilter_min_component_pixels=3 postfilter_min_count_in_neighborhood=3 postfilter_min_count_per_pixel=1 postfilter_neighbor_radius_px=1 prefilter_ba_enable=true prefilter_ba_min_neighbors=3 prefilter_ba_radius_px=2 prefilter_ba_same_polarity_only=true prefilter_ba_support_from_kept_only=true prefilter_ba_window_us=2500 prefilter_enable=true prefilter_hot_pixel_enable=false prefilter_hot_pixel_max_events_per_batch=7 prefilter_refractory_enable=true prefilter_refractory_us=1500,log_stats=false min_count=1 morph_close=false morph_kernel=3 morph_open=false
rand_002,False,1.039187,505,263,0.473969,0.113302,67.817490,0.999793,42.760456,0.100451,0.193916,0.525174,0.644621,count_image_topic=count_image events_topic=events imu_topic=imu lambda_a=0.532 lambda_b=0.152 metrics_enable=true metrics_log_stats=false metrics_motion_omega_min=0.10 noise_metrics_topic=/event_noise_metrics post_hot_pixel_enable=true post_hot_pixel_max_events_per_pixel=9 post_refractory_enable=true post_refractory_us=700 postfilter_adaptive_enable=false postfilter_adaptive_min_keep_pixels=12 postfilter_adaptive_min_keep_ratio=0.04 postfilter_apply_to_compensated_events=true postfilter_enable=true postfilter_min_component_pixels=3 postfilter_min_count_in_neighborhood=3 postfilter_min_count_per_pixel=2 postfilter_neighbor_radius_px=1 prefilter_ba_enable=true prefilter_ba_min_neighbors=2 prefilter_ba_radius_px=2 prefilter_ba_same_polarity_only=false prefilter_ba_support_from_kept_only=false prefilter_ba_window_us=3000 prefilter_enable=true prefilter_hot_pixel_enable=false prefilter_hot_pixel_max_events_per_batch=8 prefilter_refractory_enable=true prefilter_refractory_us=300,log_stats=false min_count=2 morph_close=false morph_kernel=3 morph_open=false
rand_008,False,1.074735,553,286,0.410242,0.102395,63.510490,0.893088,30.314685,0.112780,0.143357,0.544509,0.630038,count_image_topic=count_image events_topic=events imu_topic=imu lambda_a=0.493 lambda_b=0.239 metrics_enable=true metrics_log_stats=false metrics_motion_omega_min=0.10 noise_metrics_topic=/event_noise_metrics post_hot_pixel_enable=false post_hot_pixel_max_events_per_pixel=12 post_refractory_enable=false post_refractory_us=300 postfilter_adaptive_enable=false postfilter_adaptive_min_keep_pixels=8 postfilter_adaptive_min_keep_ratio=0.03 postfilter_apply_to_compensated_events=true postfilter_enable=true postfilter_min_component_pixels=2 postfilter_min_count_in_neighborhood=3 postfilter_min_count_per_pixel=1 postfilter_neighbor_radius_px=1 prefilter_ba_enable=true prefilter_ba_min_neighbors=2 prefilter_ba_radius_px=1 prefilter_ba_same_polarity_only=false prefilter_ba_support_from_kept_only=false prefilter_ba_window_us=2200 prefilter_enable=true prefilter_hot_pixel_enable=true prefilter_hot_pixel_max_events_per_batch=8 prefilter_refractory_enable=true prefilter_refractory_us=600,log_stats=false min_count=2 morph_close=false morph_kernel=3 morph_open=false
rand_010,False,1.080189,565,295,0.460840,0.225088,230.925424,1.000000,42.989831,0.088193,0.183051,0.447207,0.615576,count_image_topic=count_image events_topic=events imu_topic=imu lambda_a=0.505 lambda_b=0.052 metrics_enable=true metrics_log_stats=false metrics_motion_omega_min=0.10 noise_metrics_topic=/event_noise_metrics post_hot_pixel_enable=false post_hot_pixel_max_events_per_pixel=12 post_refractory_enable=false post_refractory_us=450 postfilter_adaptive_enable=true postfilter_adaptive_min_keep_pixels=10 postfilter_adaptive_min_keep_ratio=0.04 postfilter_apply_to_compensated_events=true postfilter_enable=false postfilter_min_component_pixels=2 postfilter_min_count_in_neighborhood=8 postfilter_min_count_per_pixel=1 postfilter_neighbor_radius_px=1 prefilter_ba_enable=false prefilter_ba_min_neighbors=1 prefilter_ba_radius_px=1 prefilter_ba_same_polarity_only=false prefilter_ba_support_from_kept_only=false prefilter_ba_window_us=2200 prefilter_enable=true prefilter_hot_pixel_enable=true prefilter_hot_pixel_max_events_per_batch=10 prefilter_refractory_enable=false prefilter_refractory_us=800,log_stats=false min_count=1 morph_close=false morph_kernel=3 morph_open=false
mut_005_rand_029,False,1.082238,810,409,0.474214,0.137271,118.872861,1.000000,68.234719,0.062411,0.210269,0.535211,0.621730,count_image_topic=count_image events_topic=events imu_topic=imu lambda_a=0.706 lambda_b=0.040 metrics_enable=true metrics_log_stats=false metrics_motion_omega_min=0.10 noise_metrics_topic=/event_noise_metrics post_hot_pixel_enable=true post_hot_pixel_max_events_per_pixel=9 post_refractory_enable=false post_refractory_us=250 postfilter_adaptive_enable=false postfilter_adaptive_min_keep_pixels=10 postfilter_adaptive_min_keep_ratio=0.05 postfilter_apply_to_compensated_events=true postfilter_enable=false postfilter_min_component_pixels=3 postfilter_min_count_in_neighborhood=3 postfilter_min_count_per_pixel=1 postfilter_neighbor_radius_px=1 prefilter_ba_enable=true prefilter_ba_min_neighbors=3 prefilter_ba_radius_px=2 prefilter_ba_same_polarity_only=true prefilter_ba_support_from_kept_only=true prefilter_ba_window_us=2500 prefilter_enable=true prefilter_hot_pixel_enable=false prefilter_hot_pixel_max_events_per_batch=9 prefilter_refractory_enable=true prefilter_refractory_us=1500,log_stats=false min_count=1 morph_close=false morph_kernel=3 morph_open=false
hybrid_1,False,1.084625,467,226,0.333877,0.150281,62.734513,0.588805,14.654867,0.120831,0.101770,0.510693,0.620661,count_image_topic=count_image events_topic=events imu_topic=imu lambda_a=0.65 lambda_b=0.08 metrics_enable=true metrics_log_stats=false metrics_motion_omega_min=0.10 noise_metrics_topic=/event_noise_metrics post_hot_pixel_enable=false post_hot_pixel_max_events_per_pixel=10 post_refractory_enable=false post_refractory_us=250 postfilter_adaptive_enable=true postfilter_adaptive_min_keep_pixels=8 postfilter_adaptive_min_keep_ratio=0.03 postfilter_apply_to_compensated_events=true postfilter_enable=true postfilter_min_component_pixels=3 postfilter_min_count_in_neighborhood=4 postfilter_min_count_per_pixel=1 postfilter_neighbor_radius_px=1 prefilter_ba_enable=false prefilter_ba_min_neighbors=1 prefilter_ba_radius_px=1 prefilter_ba_same_polarity_only=false prefilter_ba_support_from_kept_only=false prefilter_ba_window_us=2200 prefilter_enable=true prefilter_hot_pixel_enable=true prefilter_hot_pixel_max_events_per_batch=10 prefilter_refractory_enable=true prefilter_refractory_us=900,log_stats=false min_count=1 morph_close=false morph_kernel=3 morph_open=false
rand_004,False,1.087412,1349,742,0.467963,0.160097,119.378706,1.000000,47.547170,0.133822,0.142857,0.492110,0.641765,count_image_topic=count_image events_topic=events imu_topic=imu lambda_a=0.564 lambda_b=0.075 metrics_enable=true metrics_log_stats=false metrics_motion_omega_min=0.10 noise_metrics_topic=/event_noise_metrics post_hot_pixel_enable=false post_hot_pixel_max_events_per_pixel=9 post_refractory_enable=false post_refractory_us=700 postfilter_adaptive_enable=true postfilter_adaptive_min_keep_pixels=12 postfilter_adaptive_min_keep_ratio=0.04 postfilter_apply_to_compensated_events=true postfilter_enable=false postfilter_min_component_pixels=2 postfilter_min_count_in_neighborhood=8 postfilter_min_count_per_pixel=3 postfilter_neighbor_radius_px=1 prefilter_ba_enable=true prefilter_ba_min_neighbors=1 prefilter_ba_radius_px=2 prefilter_ba_same_polarity_only=false prefilter_ba_support_from_kept_only=false prefilter_ba_window_us=4000 prefilter_enable=true prefilter_hot_pixel_enable=false prefilter_hot_pixel_max_events_per_batch=9 prefilter_refractory_enable=true prefilter_refractory_us=600,log_stats=false min_count=3 morph_close=true morph_kernel=5 morph_open=false
pref_ba_strict,False,1.088525,2474,1259,0.478834,0.135126,118.447975,1.000000,73.115171,0.062310,0.209690,0.537991,0.625701,count_image_topic=count_image events_topic=events imu_topic=imu lambda_a=0.70 lambda_b=0.10 metrics_enable=true metrics_log_stats=false metrics_motion_omega_min=0.10 noise_metrics_topic=/event_noise_metrics post_hot_pixel_enable=false post_hot_pixel_max_events_per_pixel=10 post_refractory_enable=false post_refractory_us=250 postfilter_adaptive_enable=true postfilter_adaptive_min_keep_pixels=8 postfilter_adaptive_min_keep_ratio=0.03 postfilter_apply_to_compensated_events=true postfilter_enable=false postfilter_min_component_pixels=3 postfilter_min_count_in_neighborhood=3 postfilter_min_count_per_pixel=1 postfilter_neighbor_radius_px=1 prefilter_ba_enable=true prefilter_ba_min_neighbors=2 prefilter_ba_radius_px=1 prefilter_ba_same_polarity_only=false prefilter_ba_support_from_kept_only=true prefilter_ba_window_us=3200 prefilter_enable=true prefilter_hot_pixel_enable=false prefilter_hot_pixel_max_events_per_batch=10 prefilter_refractory_enable=false prefilter_refractory_us=800,log_stats=false min_count=1 morph_close=false morph_kernel=3 morph_open=false
rand_029,False,1.095410,800,425,0.472849,0.124085,106.056471,1.000000,56.461176,0.070146,0.197647,0.544529,0.635042,count_image_topic=count_image events_topic=events imu_topic=imu lambda_a=0.826 lambda_b=0.040 metrics_enable=true metrics_log_stats=false metrics_motion_omega_min=0.10 noise_metrics_topic=/event_noise_metrics post_hot_pixel_enable=true post_hot_pixel_max_events_per_pixel=9 post_refractory_enable=false post_refractory_us=250 postfilter_adaptive_enable=false postfilter_adaptive_min_keep_pixels=10 postfilter_adaptive_min_keep_ratio=0.05 postfilter_apply_to_compensated_events=true postfilter_enable=true postfilter_min_component_pixels=3 postfilter_min_count_in_neighborhood=3 postfilter_min_count_per_pixel=1 postfilter_neighbor_radius_px=1 prefilter_ba_enable=true prefilter_ba_min_neighbors=3 prefilter_ba_radius_px=2 prefilter_ba_same_polarity_only=true prefilter_ba_support_from_kept_only=true prefilter_ba_window_us=2200 prefilter_enable=true prefilter_hot_pixel_enable=false prefilter_hot_pixel_max_events_per_batch=9 prefilter_refractory_enable=true prefilter_refractory_us=1500,log_stats=false min_count=1 morph_close=false morph_kernel=3 morph_open=false
post_hot_10,False,1.099602,499,246,0.467320,0.149181,116.504065,1.000000,31.536585,0.087075,0.178862,0.515894,0.594135,count_image_topic=count_image events_topic=events imu_topic=imu lambda_a=0.70 lambda_b=0.10 metrics_enable=true metrics_log_stats=false metrics_motion_omega_min=0.10 noise_metrics_topic=/event_noise_metrics post_hot_pixel_enable=true post_hot_pixel_max_events_per_pixel=10 post_refractory_enable=false post_refractory_us=250 postfilter_adaptive_enable=true postfilter_adaptive_min_keep_pixels=8 postfilter_adaptive_min_keep_ratio=0.03 postfilter_apply_to_compensated_events=true postfilter_enable=false postfilter_min_component_pixels=3 postfilter_min_count_in_neighborhood=3 postfilter_min_count_per_pixel=1 postfilter_neighbor_radius_px=1 prefilter_ba_enable=false prefilter_ba_min_neighbors=1 prefilter_ba_radius_px=1 prefilter_ba_same_polarity_only=false prefilter_ba_support_from_kept_only=false prefilter_ba_window_us=2200 prefilter_enable=false prefilter_hot_pixel_enable=false prefilter_hot_pixel_max_events_per_batch=10 prefilter_refractory_enable=false prefilter_refractory_us=800,log_stats=false min_count=1 morph_close=false morph_kernel=3 morph_open=false
pref_hot_9,False,1.119911,526,311,0.479437,0.125757,111.922830,1.000000,64.819936,0.085638,0.176849,0.547411,0.639159,count_image_topic=count_image events_topic=events imu_topic=imu lambda_a=0.70 lambda_b=0.10 metrics_enable=true metrics_log_stats=false metrics_motion_omega_min=0.10 noise_metrics_topic=/event_noise_metrics post_hot_pixel_enable=false post_hot_pixel_max_events_per_pixel=10 post_refractory_enable=false post_refractory_us=250 postfilter_adaptive_enable=true postfilter_adaptive_min_keep_pixels=8 postfilter_adaptive_min_keep_ratio=0.03 postfilter_apply_to_compensated_events=true postfilter_enable=false postfilter_min_component_pixels=3 postfilter_min_count_in_neighborhood=3 postfilter_min_count_per_pixel=1 postfilter_neighbor_radius_px=1 prefilter_ba_enable=false prefilter_ba_min_neighbors=1 prefilter_ba_radius_px=1 prefilter_ba_same_polarity_only=false prefilter_ba_support_from_kept_only=false prefilter_ba_window_us=2200 prefilter_enable=true prefilter_hot_pixel_enable=true prefilter_hot_pixel_max_events_per_batch=9 prefilter_refractory_enable=false prefilter_refractory_us=800,log_stats=false min_count=1 morph_close=false morph_kernel=3 morph_open=false
mut_007_rand_029,False,1.123902,808,417,0.476212,0.124245,115.796163,1.000000,69.383693,0.054415,0.201439,0.546060,0.637229,count_image_topic=count_image events_topic=events imu_topic=imu lambda_a=0.886 lambda_b=0.040 metrics_enable=true metrics_log_stats=false metrics_motion_omega_min=0.10 noise_metrics_topic=/event_noise_metrics post_hot_pixel_enable=true post_hot_pixel_max_events_per_pixel=9 post_refractory_enable=false post_refractory_us=250 postfilter_adaptive_enable=true postfilter_adaptive_min_keep_pixels=10 postfilter_adaptive_min_keep_ratio=0.05 postfilter_apply_to_compensated_events=true postfilter_enable=true postfilter_min_component_pixels=3 postfilter_min_count_in_neighborhood=2 postfilter_min_count_per_pixel=1 postfilter_neighbor_radius_px=1 prefilter_ba_enable=true prefilter_ba_min_neighbors=3 prefilter_ba_radius_px=2 prefilter_ba_same_polarity_only=true prefilter_ba_support_from_kept_only=true prefilter_ba_window_us=2200 prefilter_enable=true prefilter_hot_pixel_enable=false prefilter_hot_pixel_max_events_per_batch=9 prefilter_refractory_enable=true prefilter_refractory_us=1380,log_stats=false min_count=1 morph_close=false morph_kernel=3 morph_open=false
rand_009,False,1.133813,463,246,0.358730,0.108184,84.373984,0.617210,27.947154,0.133029,0.081301,0.644011,0.619673,count_image_topic=count_image events_topic=events imu_topic=imu lambda_a=1.172 lambda_b=0.083 metrics_enable=true metrics_log_stats=false metrics_motion_omega_min=0.10 noise_metrics_topic=/event_noise_metrics post_hot_pixel_enable=false post_hot_pixel_max_events_per_pixel=12 post_refractory_enable=false post_refractory_us=450 postfilter_adaptive_enable=true postfilter_adaptive_min_keep_pixels=12 postfilter_adaptive_min_keep_ratio=0.03 postfilter_apply_to_compensated_events=true postfilter_enable=true postfilter_min_component_pixels=4 postfilter_min_count_in_neighborhood=10 postfilter_min_count_per_pixel=1 postfilter_neighbor_radius_px=1 prefilter_ba_enable=false prefilter_ba_min_neighbors=1 prefilter_ba_radius_px=2 prefilter_ba_same_polarity_only=true prefilter_ba_support_from_kept_only=true prefilter_ba_window_us=4000 prefilter_enable=true prefilter_hot_pixel_enable=false prefilter_hot_pixel_max_events_per_batch=8 prefilter_refractory_enable=true prefilter_refractory_us=2600,log_stats=false min_count=1 morph_close=true morph_kernel=3 morph_open=false
hybrid_1,False,1.139138,1315,741,0.334986,0.138747,72.284750,0.595135,16.991903,0.127858,0.074224,0.522767,0.639104,count_image_topic=count_image events_topic=events imu_topic=imu lambda_a=0.65 lambda_b=0.08 metrics_enable=true metrics_log_stats=false metrics_motion_omega_min=0.10 noise_metrics_topic=/event_noise_metrics post_hot_pixel_enable=false post_hot_pixel_max_events_per_pixel=10 post_refractory_enable=false post_refractory_us=250 postfilter_adaptive_enable=true postfilter_adaptive_min_keep_pixels=8 postfilter_adaptive_min_keep_ratio=0.03 postfilter_apply_to_compensated_events=true postfilter_enable=true postfilter_min_component_pixels=3 postfilter_min_count_in_neighborhood=4 postfilter_min_count_per_pixel=1 postfilter_neighbor_radius_px=1 prefilter_ba_enable=false prefilter_ba_min_neighbors=1 prefilter_ba_radius_px=1 prefilter_ba_same_polarity_only=false prefilter_ba_support_from_kept_only=false prefilter_ba_window_us=2200 prefilter_enable=true prefilter_hot_pixel_enable=true prefilter_hot_pixel_max_events_per_batch=10 prefilter_refractory_enable=true prefilter_refractory_us=900,log_stats=false min_count=1 morph_close=false morph_kernel=3 morph_open=false
mut_006_rand_029,False,1.182901,1259,684,0.347065,0.131474,69.792398,0.741714,15.211988,0.113073,0.074561,0.560752,0.644295,count_image_topic=count_image events_topic=events imu_topic=imu lambda_a=0.826 lambda_b=0.040 metrics_enable=true metrics_log_stats=false metrics_motion_omega_min=0.10 noise_metrics_topic=/event_noise_metrics post_hot_pixel_enable=true post_hot_pixel_max_events_per_pixel=9 post_refractory_enable=false post_refractory_us=330 postfilter_adaptive_enable=false postfilter_adaptive_min_keep_pixels=10 postfilter_adaptive_min_keep_ratio=0.05 postfilter_apply_to_compensated_events=true postfilter_enable=true postfilter_min_component_pixels=3 postfilter_min_count_in_neighborhood=2 postfilter_min_count_per_pixel=1 postfilter_neighbor_radius_px=1 prefilter_ba_enable=false prefilter_ba_min_neighbors=3 prefilter_ba_radius_px=2 prefilter_ba_same_polarity_only=true prefilter_ba_support_from_kept_only=true prefilter_ba_window_us=1600 prefilter_enable=true prefilter_hot_pixel_enable=false prefilter_hot_pixel_max_events_per_batch=9 prefilter_refractory_enable=true prefilter_refractory_us=1500,log_stats=false min_count=1 morph_close=false morph_kernel=3 morph_open=false
mut_003_rand_029,False,1.192563,1304,702,0.349771,0.119247,77.196581,0.731010,14.535613,0.112083,0.072650,0.577966,0.634766,count_image_topic=count_image events_topic=events imu_topic=imu lambda_a=0.826 lambda_b=0.090 metrics_enable=true metrics_log_stats=false metrics_motion_omega_min=0.10 noise_metrics_topic=/event_noise_metrics post_hot_pixel_enable=true post_hot_pixel_max_events_per_pixel=9 post_refractory_enable=false post_refractory_us=250 postfilter_adaptive_enable=false postfilter_adaptive_min_keep_pixels=10 postfilter_adaptive_min_keep_ratio=0.05 postfilter_apply_to_compensated_events=true postfilter_enable=true postfilter_min_component_pixels=3 postfilter_min_count_in_neighborhood=2 postfilter_min_count_per_pixel=1 postfilter_neighbor_radius_px=1 prefilter_ba_enable=false prefilter_ba_min_neighbors=3 prefilter_ba_radius_px=2 prefilter_ba_same_polarity_only=true prefilter_ba_support_from_kept_only=true prefilter_ba_window_us=2800 prefilter_enable=true prefilter_hot_pixel_enable=false prefilter_hot_pixel_max_events_per_batch=11 prefilter_refractory_enable=true prefilter_refractory_us=1500,log_stats=false min_count=1 morph_close=false morph_kernel=3 morph_open=false
mut_001_rand_029,False,1.203031,1288,701,0.342267,0.121508,62.740371,0.645325,17.443652,0.108660,0.068474,0.584146,0.638419,count_image_topic=count_image events_topic=events imu_topic=imu lambda_a=0.946 lambda_b=0.020 metrics_enable=true metrics_log_stats=false metrics_motion_omega_min=0.10 noise_metrics_topic=/event_noise_metrics post_hot_pixel_enable=false post_hot_pixel_max_events_per_pixel=9 post_refractory_enable=false post_refractory_us=170 postfilter_adaptive_enable=false postfilter_adaptive_min_keep_pixels=10 postfilter_adaptive_min_keep_ratio=0.05 postfilter_apply_to_compensated_events=true postfilter_enable=true postfilter_min_component_pixels=3 postfilter_min_count_in_neighborhood=3 postfilter_min_count_per_pixel=1 postfilter_neighbor_radius_px=1 prefilter_ba_enable=false prefilter_ba_min_neighbors=3 prefilter_ba_radius_px=2 prefilter_ba_same_polarity_only=true prefilter_ba_support_from_kept_only=true prefilter_ba_window_us=2200 prefilter_enable=true prefilter_hot_pixel_enable=false prefilter_hot_pixel_max_events_per_batch=11 prefilter_refractory_enable=true prefilter_refractory_us=1500,log_stats=false min_count=1 morph_close=false morph_kernel=3 morph_open=false
mut_000_rand_029,False,1.206060,842,414,0.477534,0.139271,115.855072,1.000000,58.364734,0.059930,0.164251,0.531390,0.616271,count_image_topic=count_image events_topic=events imu_topic=imu lambda_a=0.826 lambda_b=0.060 metrics_enable=true metrics_log_stats=false metrics_motion_omega_min=0.10 noise_metrics_topic=/event_noise_metrics post_hot_pixel_enable=true post_hot_pixel_max_events_per_pixel=9 post_refractory_enable=true post_refractory_us=370 postfilter_adaptive_enable=false postfilter_adaptive_min_keep_pixels=10 postfilter_adaptive_min_keep_ratio=0.05 postfilter_apply_to_compensated_events=true postfilter_enable=true postfilter_min_component_pixels=3 postfilter_min_count_in_neighborhood=3 postfilter_min_count_per_pixel=1 postfilter_neighbor_radius_px=1 prefilter_ba_enable=true prefilter_ba_min_neighbors=3 prefilter_ba_radius_px=2 prefilter_ba_same_polarity_only=true prefilter_ba_support_from_kept_only=true prefilter_ba_window_us=2800 prefilter_enable=true prefilter_hot_pixel_enable=false prefilter_hot_pixel_max_events_per_batch=9 prefilter_refractory_enable=false prefilter_refractory_us=1500,log_stats=false min_count=2 morph_close=false morph_kernel=3 morph_open=false
rand_006,False,1.225340,1173,592,0.476344,0.144071,133.086149,1.000000,31.619932,0.083712,0.135135,0.524475,0.622438,count_image_topic=count_image events_topic=events imu_topic=imu lambda_a=0.642 lambda_b=0.107 metrics_enable=true metrics_log_stats=false metrics_motion_omega_min=0.10 noise_metrics_topic=/event_noise_metrics post_hot_pixel_enable=false post_hot_pixel_max_events_per_pixel=9 post_refractory_enable=false post_refractory_us=450 postfilter_adaptive_enable=true postfilter_adaptive_min_keep_pixels=12 postfilter_adaptive_min_keep_ratio=0.02 postfilter_apply_to_compensated_events=true postfilter_enable=true postfilter_min_component_pixels=4 postfilter_min_count_in_neighborhood=6 postfilter_min_count_per_pixel=2 postfilter_neighbor_radius_px=1 prefilter_ba_enable=false prefilter_ba_min_neighbors=2 prefilter_ba_radius_px=1 prefilter_ba_same_polarity_only=false prefilter_ba_support_from_kept_only=false prefilter_ba_window_us=2200 prefilter_enable=true prefilter_hot_pixel_enable=true prefilter_hot_pixel_max_events_per_batch=9 prefilter_refractory_enable=false prefilter_refractory_us=2000,log_stats=false min_count=1 morph_close=false morph_kernel=5 morph_open=false
rand_002,False,1.230107,1254,661,0.475841,0.126908,86.644478,0.999793,22.724660,0.126572,0.095310,0.514907,0.629825,count_image_topic=count_image events_topic=events imu_topic=imu lambda_a=0.532 lambda_b=0.152 metrics_enable=true metrics_log_stats=false metrics_motion_omega_min=0.10 noise_metrics_topic=/event_noise_metrics post_hot_pixel_enable=true post_hot_pixel_max_events_per_pixel=9 post_refractory_enable=true post_refractory_us=700 postfilter_adaptive_enable=false postfilter_adaptive_min_keep_pixels=12 postfilter_adaptive_min_keep_ratio=0.04 postfilter_apply_to_compensated_events=true postfilter_enable=true postfilter_min_component_pixels=3 postfilter_min_count_in_neighborhood=3 postfilter_min_count_per_pixel=2 postfilter_neighbor_radius_px=1 prefilter_ba_enable=true prefilter_ba_min_neighbors=2 prefilter_ba_radius_px=2 prefilter_ba_same_polarity_only=false prefilter_ba_support_from_kept_only=false prefilter_ba_window_us=3000 prefilter_enable=true prefilter_hot_pixel_enable=false prefilter_hot_pixel_max_events_per_batch=8 prefilter_refractory_enable=true prefilter_refractory_us=300,log_stats=false min_count=2 morph_close=false morph_kernel=3 morph_open=false
rand_017,False,1.238554,509,267,0.488916,0.082436,75.157303,1.000000,35.880150,0.070997,0.146067,0.607363,0.646879,count_image_topic=count_image events_topic=events imu_topic=imu lambda_a=0.618 lambda_b=0.281 metrics_enable=true metrics_log_stats=false metrics_motion_omega_min=0.10 noise_metrics_topic=/event_noise_metrics post_hot_pixel_enable=false post_hot_pixel_max_events_per_pixel=9 post_refractory_enable=false post_refractory_us=120 postfilter_adaptive_enable=true postfilter_adaptive_min_keep_pixels=6 postfilter_adaptive_min_keep_ratio=0.03 postfilter_apply_to_compensated_events=true postfilter_enable=true postfilter_min_component_pixels=3 postfilter_min_count_in_neighborhood=4 postfilter_min_count_per_pixel=2 postfilter_neighbor_radius_px=1 prefilter_ba_enable=false prefilter_ba_min_neighbors=2 prefilter_ba_radius_px=1 prefilter_ba_same_polarity_only=false prefilter_ba_support_from_kept_only=false prefilter_ba_window_us=1500 prefilter_enable=true prefilter_hot_pixel_enable=false prefilter_hot_pixel_max_events_per_batch=10 prefilter_refractory_enable=true prefilter_refractory_us=2000,log_stats=false min_count=2 morph_close=false morph_kernel=3 morph_open=false
post_density_strong,False,1.261768,486,260,0.472029,0.102308,99.315385,1.000000,35.207692,0.057042,0.142308,0.567150,0.667357,count_image_topic=count_image events_topic=events imu_topic=imu lambda_a=0.70 lambda_b=0.10 metrics_enable=true metrics_log_stats=false metrics_motion_omega_min=0.10 noise_metrics_topic=/event_noise_metrics post_hot_pixel_enable=false post_hot_pixel_max_events_per_pixel=10 post_refractory_enable=false post_refractory_us=250 postfilter_adaptive_enable=false postfilter_adaptive_min_keep_pixels=8 postfilter_adaptive_min_keep_ratio=0.03 postfilter_apply_to_compensated_events=true postfilter_enable=true postfilter_min_component_pixels=4 postfilter_min_count_in_neighborhood=8 postfilter_min_count_per_pixel=2 postfilter_neighbor_radius_px=1 prefilter_ba_enable=false prefilter_ba_min_neighbors=1 prefilter_ba_radius_px=1 prefilter_ba_same_polarity_only=false prefilter_ba_support_from_kept_only=false prefilter_ba_window_us=2200 prefilter_enable=false prefilter_hot_pixel_enable=false prefilter_hot_pixel_max_events_per_batch=10 prefilter_refractory_enable=false prefilter_refractory_us=800,log_stats=false min_count=1 morph_close=false morph_kernel=3 morph_open=false
rand_011,False,1.267062,547,287,0.490014,0.086959,83.850174,1.000000,41.519164,0.093862,0.114983,0.625522,0.624479,count_image_topic=count_image events_topic=events imu_topic=imu lambda_a=0.767 lambda_b=0.245 metrics_enable=true metrics_log_stats=false metrics_motion_omega_min=0.10 noise_metrics_topic=/event_noise_metrics post_hot_pixel_enable=true post_hot_pixel_max_events_per_pixel=10 post_refractory_enable=false post_refractory_us=180 postfilter_adaptive_enable=false postfilter_adaptive_min_keep_pixels=10 postfilter_adaptive_min_keep_ratio=0.02 postfilter_apply_to_compensated_events=true postfilter_enable=true postfilter_min_component_pixels=5 postfilter_min_count_in_neighborhood=4 postfilter_min_count_per_pixel=2 postfilter_neighbor_radius_px=1 prefilter_ba_enable=false prefilter_ba_min_neighbors=2 prefilter_ba_radius_px=2 prefilter_ba_same_polarity_only=true prefilter_ba_support_from_kept_only=false prefilter_ba_window_us=2200 prefilter_enable=true prefilter_hot_pixel_enable=false prefilter_hot_pixel_max_events_per_batch=8 prefilter_refractory_enable=true prefilter_refractory_us=300,log_stats=false min_count=3 morph_close=false morph_kernel=3 morph_open=false
pref_ref_900,False,1.267464,542,315,0.473496,0.126149,111.644444,1.000000,25.069841,0.108608,0.095238,0.549907,0.642725,count_image_topic=count_image events_topic=events imu_topic=imu lambda_a=0.70 lambda_b=0.10 metrics_enable=true metrics_log_stats=false metrics_motion_omega_min=0.10 noise_metrics_topic=/event_noise_metrics post_hot_pixel_enable=false post_hot_pixel_max_events_per_pixel=10 post_refractory_enable=false post_refractory_us=250 postfilter_adaptive_enable=true postfilter_adaptive_min_keep_pixels=8 postfilter_adaptive_min_keep_ratio=0.03 postfilter_apply_to_compensated_events=true postfilter_enable=false postfilter_min_component_pixels=3 postfilter_min_count_in_neighborhood=3 postfilter_min_count_per_pixel=1 postfilter_neighbor_radius_px=1 prefilter_ba_enable=false prefilter_ba_min_neighbors=1 prefilter_ba_radius_px=1 prefilter_ba_same_polarity_only=false prefilter_ba_support_from_kept_only=false prefilter_ba_window_us=2200 prefilter_enable=true prefilter_hot_pixel_enable=false prefilter_hot_pixel_max_events_per_batch=10 prefilter_refractory_enable=true prefilter_refractory_us=900,log_stats=false min_count=1 morph_close=false morph_kernel=3 morph_open=false
rand_012,False,1.319644,474,246,0.482377,0.084433,83.178862,0.999897,28.947154,0.072429,0.109756,0.622951,0.641626,count_image_topic=count_image events_topic=events imu_topic=imu lambda_a=0.662 lambda_b=0.315 metrics_enable=true metrics_log_stats=false metrics_motion_omega_min=0.10 noise_metrics_topic=/event_noise_metrics post_hot_pixel_enable=true post_hot_pixel_max_events_per_pixel=8 post_refractory_enable=true post_refractory_us=120 postfilter_adaptive_enable=true postfilter_adaptive_min_keep_pixels=12 postfilter_adaptive_min_keep_ratio=0.05 postfilter_apply_to_compensated_events=true postfilter_enable=true postfilter_min_component_pixels=4 postfilter_min_count_in_neighborhood=4 postfilter_min_count_per_pixel=2 postfilter_neighbor_radius_px=1 prefilter_ba_enable=false prefilter_ba_min_neighbors=1 prefilter_ba_radius_px=1 prefilter_ba_same_polarity_only=true prefilter_ba_support_from_kept_only=false prefilter_ba_window_us=3000 prefilter_enable=true prefilter_hot_pixel_enable=false prefilter_hot_pixel_max_events_per_batch=10 prefilter_refractory_enable=true prefilter_refractory_us=1500,log_stats=false min_count=3 morph_close=true morph_kernel=5 morph_open=true
pref_ba_mild,False,1.324066,537,324,0.484564,0.120889,70.898148,1.000000,11.379630,0.118975,0.067901,0.548906,0.641294,count_image_topic=count_image events_topic=events imu_topic=imu lambda_a=0.70 lambda_b=0.10 metrics_enable=true metrics_log_stats=false metrics_motion_omega_min=0.10 noise_metrics_topic=/event_noise_metrics post_hot_pixel_enable=false post_hot_pixel_max_events_per_pixel=10 post_refractory_enable=false post_refractory_us=250 postfilter_adaptive_enable=true postfilter_adaptive_min_keep_pixels=8 postfilter_adaptive_min_keep_ratio=0.03 postfilter_apply_to_compensated_events=true postfilter_enable=false postfilter_min_component_pixels=3 postfilter_min_count_in_neighborhood=3 postfilter_min_count_per_pixel=1 postfilter_neighbor_radius_px=1 prefilter_ba_enable=true prefilter_ba_min_neighbors=1 prefilter_ba_radius_px=1 prefilter_ba_same_polarity_only=false prefilter_ba_support_from_kept_only=false prefilter_ba_window_us=2200 prefilter_enable=true prefilter_hot_pixel_enable=false prefilter_hot_pixel_max_events_per_batch=10 prefilter_refractory_enable=false prefilter_refractory_us=800,log_stats=false min_count=1 morph_close=false morph_kernel=3 morph_open=false
rand_008,False,1.330891,1277,701,0.400427,0.100184,60.292439,0.888274,11.369472,0.118119,0.041369,0.545971,0.631071,count_image_topic=count_image events_topic=events imu_topic=imu lambda_a=0.493 lambda_b=0.239 metrics_enable=true metrics_log_stats=false metrics_motion_omega_min=0.10 noise_metrics_topic=/event_noise_metrics post_hot_pixel_enable=false post_hot_pixel_max_events_per_pixel=12 post_refractory_enable=false post_refractory_us=300 postfilter_adaptive_enable=false postfilter_adaptive_min_keep_pixels=8 postfilter_adaptive_min_keep_ratio=0.03 postfilter_apply_to_compensated_events=true postfilter_enable=true postfilter_min_component_pixels=2 postfilter_min_count_in_neighborhood=3 postfilter_min_count_per_pixel=1 postfilter_neighbor_radius_px=1 prefilter_ba_enable=true prefilter_ba_min_neighbors=2 prefilter_ba_radius_px=1 prefilter_ba_same_polarity_only=false prefilter_ba_support_from_kept_only=false prefilter_ba_window_us=2200 prefilter_enable=true prefilter_hot_pixel_enable=true prefilter_hot_pixel_max_events_per_batch=8 prefilter_refractory_enable=true prefilter_refractory_us=600,log_stats=false min_count=2 morph_close=false morph_kernel=3 morph_open=false
rand_027,False,1.341765,496,246,0.477307,0.109027,94.060976,1.000000,8.154472,0.120121,0.056911,0.529214,0.651050,count_image_topic=count_image events_topic=events imu_topic=imu lambda_a=0.461 lambda_b=0.201 metrics_enable=true metrics_log_stats=false metrics_motion_omega_min=0.10 noise_metrics_topic=/event_noise_metrics post_hot_pixel_enable=false post_hot_pixel_max_events_per_pixel=11 post_refractory_enable=false post_refractory_us=250 postfilter_adaptive_enable=true postfilter_adaptive_min_keep_pixels=6 postfilter_adaptive_min_keep_ratio=0.03 postfilter_apply_to_compensated_events=true postfilter_enable=false postfilter_min_component_pixels=5 postfilter_min_count_in_neighborhood=3 postfilter_min_count_per_pixel=1 postfilter_neighbor_radius_px=1 prefilter_ba_enable=false prefilter_ba_min_neighbors=3 prefilter_ba_radius_px=1 prefilter_ba_same_polarity_only=false prefilter_ba_support_from_kept_only=false prefilter_ba_window_us=3000 prefilter_enable=true prefilter_hot_pixel_enable=true prefilter_hot_pixel_max_events_per_batch=8 prefilter_refractory_enable=true prefilter_refractory_us=2600,log_stats=false min_count=1 morph_close=false morph_kernel=3 morph_open=false
pref_ref_1500,False,1.343672,537,307,0.480483,0.122284,121.123779,1.000000,17.583062,0.085427,0.087948,0.552686,0.646695,count_image_topic=count_image events_topic=events imu_topic=imu lambda_a=0.70 lambda_b=0.10 metrics_enable=true metrics_log_stats=false metrics_motion_omega_min=0.10 noise_metrics_topic=/event_noise_metrics post_hot_pixel_enable=false post_hot_pixel_max_events_per_pixel=10 post_refractory_enable=false post_refractory_us=250 postfilter_adaptive_enable=true postfilter_adaptive_min_keep_pixels=8 postfilter_adaptive_min_keep_ratio=0.03 postfilter_apply_to_compensated_events=true postfilter_enable=false postfilter_min_component_pixels=3 postfilter_min_count_in_neighborhood=3 postfilter_min_count_per_pixel=1 postfilter_neighbor_radius_px=1 prefilter_ba_enable=false prefilter_ba_min_neighbors=1 prefilter_ba_radius_px=1 prefilter_ba_same_polarity_only=false prefilter_ba_support_from_kept_only=false prefilter_ba_window_us=2200 prefilter_enable=true prefilter_hot_pixel_enable=false prefilter_hot_pixel_max_events_per_batch=10 prefilter_refractory_enable=true prefilter_refractory_us=1500,log_stats=false min_count=1 morph_close=false morph_kernel=3 morph_open=false
all_off,False,1.353255,561,306,0.484725,0.123153,105.490196,1.000000,8.944444,0.093814,0.078431,0.549443,0.642062,count_image_topic=count_image events_topic=events imu_topic=imu lambda_a=0.70 lambda_b=0.10 metrics_enable=true metrics_log_stats=false metrics_motion_omega_min=0.10 noise_metrics_topic=/event_noise_metrics post_hot_pixel_enable=false post_hot_pixel_max_events_per_pixel=10 post_refractory_enable=false post_refractory_us=250 postfilter_adaptive_enable=true postfilter_adaptive_min_keep_pixels=8 postfilter_adaptive_min_keep_ratio=0.03 postfilter_apply_to_compensated_events=true postfilter_enable=false postfilter_min_component_pixels=3 postfilter_min_count_in_neighborhood=3 postfilter_min_count_per_pixel=1 postfilter_neighbor_radius_px=1 prefilter_ba_enable=false prefilter_ba_min_neighbors=1 prefilter_ba_radius_px=1 prefilter_ba_same_polarity_only=false prefilter_ba_support_from_kept_only=false prefilter_ba_window_us=2200 prefilter_enable=false prefilter_hot_pixel_enable=false prefilter_hot_pixel_max_events_per_batch=10 prefilter_refractory_enable=false prefilter_refractory_us=800,log_stats=false min_count=1 morph_close=false morph_kernel=3 morph_open=false
current_pref_ref_hot,False,1.358888,543,304,0.475788,0.122292,121.036184,1.000000,15.351974,0.094082,0.072368,0.546595,0.637994,count_image_topic=count_image events_topic=events imu_topic=imu lambda_a=0.70 lambda_b=0.10 metrics_enable=true metrics_log_stats=false metrics_motion_omega_min=0.10 noise_metrics_topic=/event_noise_metrics post_hot_pixel_enable=false post_hot_pixel_max_events_per_pixel=10 post_refractory_enable=false post_refractory_us=250 postfilter_adaptive_enable=true postfilter_adaptive_min_keep_pixels=8 postfilter_adaptive_min_keep_ratio=0.03 postfilter_apply_to_compensated_events=true postfilter_enable=false postfilter_min_component_pixels=3 postfilter_min_count_in_neighborhood=3 postfilter_min_count_per_pixel=1 postfilter_neighbor_radius_px=1 prefilter_ba_enable=false prefilter_ba_min_neighbors=1 prefilter_ba_radius_px=1 prefilter_ba_same_polarity_only=false prefilter_ba_support_from_kept_only=false prefilter_ba_window_us=2200 prefilter_enable=true prefilter_hot_pixel_enable=true prefilter_hot_pixel_max_events_per_batch=10 prefilter_refractory_enable=true prefilter_refractory_us=1200,log_stats=false min_count=1 morph_close=false morph_kernel=3 morph_open=false
post_ref_250,False,1.369574,507,248,0.475983,0.121838,100.520161,0.997021,7.826613,0.098235,0.064516,0.542843,0.632633,count_image_topic=count_image events_topic=events imu_topic=imu lambda_a=0.70 lambda_b=0.10 metrics_enable=true metrics_log_stats=false metrics_motion_omega_min=0.10 noise_metrics_topic=/event_noise_metrics post_hot_pixel_enable=false post_hot_pixel_max_events_per_pixel=10 post_refractory_enable=true post_refractory_us=250 postfilter_adaptive_enable=true postfilter_adaptive_min_keep_pixels=8 postfilter_adaptive_min_keep_ratio=0.03 postfilter_apply_to_compensated_events=true postfilter_enable=false postfilter_min_component_pixels=3 postfilter_min_count_in_neighborhood=3 postfilter_min_count_per_pixel=1 postfilter_neighbor_radius_px=1 prefilter_ba_enable=false prefilter_ba_min_neighbors=1 prefilter_ba_radius_px=1 prefilter_ba_same_polarity_only=false prefilter_ba_support_from_kept_only=false prefilter_ba_window_us=2200 prefilter_enable=false prefilter_hot_pixel_enable=false prefilter_hot_pixel_max_events_per_batch=10 prefilter_refractory_enable=false prefilter_refractory_us=800,log_stats=false min_count=1 morph_close=false morph_kernel=3 morph_open=false
rand_028,False,1.378343,462,230,0.480886,0.107048,88.343478,1.000000,33.360870,0.066037,0.091304,0.661541,0.596423,count_image_topic=count_image events_topic=events imu_topic=imu lambda_a=1.245 lambda_b=0.068 metrics_enable=true metrics_log_stats=false metrics_motion_omega_min=0.10 noise_metrics_topic=/event_noise_metrics post_hot_pixel_enable=true post_hot_pixel_max_events_per_pixel=9 post_refractory_enable=false post_refractory_us=120 postfilter_adaptive_enable=true postfilter_adaptive_min_keep_pixels=8 postfilter_adaptive_min_keep_ratio=0.02 postfilter_apply_to_compensated_events=true postfilter_enable=false postfilter_min_component_pixels=2 postfilter_min_count_in_neighborhood=5 postfilter_min_count_per_pixel=1 postfilter_neighbor_radius_px=1 prefilter_ba_enable=false prefilter_ba_min_neighbors=2 prefilter_ba_radius_px=2 prefilter_ba_same_polarity_only=false prefilter_ba_support_from_kept_only=true prefilter_ba_window_us=4000 prefilter_enable=true prefilter_hot_pixel_enable=true prefilter_hot_pixel_max_events_per_batch=14 prefilter_refractory_enable=true prefilter_refractory_us=2600,log_stats=false min_count=1 morph_close=false morph_kernel=5 morph_open=true
rand_024,False,1.395220,485,295,0.492381,0.094000,81.688136,1.000000,27.827119,0.063340,0.091525,0.671941,0.652166,count_image_topic=count_image events_topic=events imu_topic=imu lambda_a=1.108 lambda_b=0.064 metrics_enable=true metrics_log_stats=false metrics_motion_omega_min=0.10 noise_metrics_topic=/event_noise_metrics post_hot_pixel_enable=false post_hot_pixel_max_events_per_pixel=9 post_refractory_enable=false post_refractory_us=300 postfilter_adaptive_enable=true postfilter_adaptive_min_keep_pixels=10 postfilter_adaptive_min_keep_ratio=0.04 postfilter_apply_to_compensated_events=true postfilter_enable=false postfilter_min_component_pixels=5 postfilter_min_count_in_neighborhood=8 postfilter_min_count_per_pixel=2 postfilter_neighbor_radius_px=1 prefilter_ba_enable=false prefilter_ba_min_neighbors=1 prefilter_ba_radius_px=1 prefilter_ba_same_polarity_only=false prefilter_ba_support_from_kept_only=false prefilter_ba_window_us=2200 prefilter_enable=true prefilter_hot_pixel_enable=true prefilter_hot_pixel_max_events_per_batch=10 prefilter_refractory_enable=false prefilter_refractory_us=800,log_stats=false min_count=1 morph_close=true morph_kernel=3 morph_open=false
rand_003,False,1.405444,542,286,0.489227,0.093566,75.048951,0.999948,6.965035,0.125505,0.031469,0.611104,0.614720,count_image_topic=count_image events_topic=events imu_topic=imu lambda_a=0.734 lambda_b=0.244 metrics_enable=true metrics_log_stats=false metrics_motion_omega_min=0.10 noise_metrics_topic=/event_noise_metrics post_hot_pixel_enable=false post_hot_pixel_max_events_per_pixel=10 post_refractory_enable=true post_refractory_us=120 postfilter_adaptive_enable=true postfilter_adaptive_min_keep_pixels=10 postfilter_adaptive_min_keep_ratio=0.03 postfilter_apply_to_compensated_events=true postfilter_enable=false postfilter_min_component_pixels=2 postfilter_min_count_in_neighborhood=5 postfilter_min_count_per_pixel=3 postfilter_neighbor_radius_px=1 prefilter_ba_enable=true prefilter_ba_min_neighbors=2 prefilter_ba_radius_px=2 prefilter_ba_same_polarity_only=false prefilter_ba_support_from_kept_only=false prefilter_ba_window_us=2200 prefilter_enable=true prefilter_hot_pixel_enable=true prefilter_hot_pixel_max_events_per_batch=9 prefilter_refractory_enable=true prefilter_refractory_us=900,log_stats=false min_count=2 morph_close=false morph_kernel=3 morph_open=false
rand_019,False,1.405875,457,254,0.488227,0.078635,64.755906,1.000000,15.795276,0.095702,0.059055,0.665245,0.649673,count_image_topic=count_image events_topic=events imu_topic=imu lambda_a=0.791 lambda_b=0.320 metrics_enable=true metrics_log_stats=false metrics_motion_omega_min=0.10 noise_metrics_topic=/event_noise_metrics post_hot_pixel_enable=false post_hot_pixel_max_events_per_pixel=10 post_refractory_enable=false post_refractory_us=180 postfilter_adaptive_enable=true postfilter_adaptive_min_keep_pixels=8 postfilter_adaptive_min_keep_ratio=0.05 postfilter_apply_to_compensated_events=true postfilter_enable=true postfilter_min_component_pixels=2 postfilter_min_count_in_neighborhood=5 postfilter_min_count_per_pixel=2 postfilter_neighbor_radius_px=1 prefilter_ba_enable=false prefilter_ba_min_neighbors=1 prefilter_ba_radius_px=2 prefilter_ba_same_polarity_only=true prefilter_ba_support_from_kept_only=true prefilter_ba_window_us=4000 prefilter_enable=true prefilter_hot_pixel_enable=true prefilter_hot_pixel_max_events_per_batch=10 prefilter_refractory_enable=false prefilter_refractory_us=2600,log_stats=false min_count=1 morph_close=true morph_kernel=3 morph_open=false
rand_007,False,1.437748,546,286,0.485583,0.087244,64.447552,0.999783,15.860140,0.057512,0.076923,0.652057,0.624254,count_image_topic=count_image events_topic=events imu_topic=imu lambda_a=0.893 lambda_b=0.218 metrics_enable=true metrics_log_stats=false metrics_motion_omega_min=0.10 noise_metrics_topic=/event_noise_metrics post_hot_pixel_enable=true post_hot_pixel_max_events_per_pixel=11 post_refractory_enable=true post_refractory_us=450 postfilter_adaptive_enable=true postfilter_adaptive_min_keep_pixels=6 postfilter_adaptive_min_keep_ratio=0.05 postfilter_apply_to_compensated_events=true postfilter_enable=false postfilter_min_component_pixels=5 postfilter_min_count_in_neighborhood=6 postfilter_min_count_per_pixel=1 postfilter_neighbor_radius_px=1 prefilter_ba_enable=true prefilter_ba_min_neighbors=1 prefilter_ba_radius_px=2 prefilter_ba_same_polarity_only=false prefilter_ba_support_from_kept_only=false prefilter_ba_window_us=4000 prefilter_enable=true prefilter_hot_pixel_enable=true prefilter_hot_pixel_max_events_per_batch=12 prefilter_refractory_enable=true prefilter_refractory_us=900,log_stats=false min_count=1 morph_close=false morph_kernel=5 morph_open=false
rand_020,False,1.444095,546,313,0.485833,0.093219,63.354633,1.000000,3.907348,0.116740,0.022364,0.599211,0.647106,count_image_topic=count_image events_topic=events imu_topic=imu lambda_a=0.715 lambda_b=0.179 metrics_enable=true metrics_log_stats=false metrics_motion_omega_min=0.10 noise_metrics_topic=/event_noise_metrics post_hot_pixel_enable=false post_hot_pixel_max_events_per_pixel=12 post_refractory_enable=false post_refractory_us=300 postfilter_adaptive_enable=true postfilter_adaptive_min_keep_pixels=12 postfilter_adaptive_min_keep_ratio=0.02 postfilter_apply_to_compensated_events=true postfilter_enable=false postfilter_min_component_pixels=3 postfilter_min_count_in_neighborhood=6 postfilter_min_count_per_pixel=1 postfilter_neighbor_radius_px=1 prefilter_ba_enable=true prefilter_ba_min_neighbors=1 prefilter_ba_radius_px=1 prefilter_ba_same_polarity_only=false prefilter_ba_support_from_kept_only=false prefilter_ba_window_us=4000 prefilter_enable=true prefilter_hot_pixel_enable=false prefilter_hot_pixel_max_events_per_batch=11 prefilter_refractory_enable=false prefilter_refractory_us=1500,log_stats=false min_count=2 morph_close=false morph_kernel=3 morph_open=false
rand_005,False,1.445686,568,291,0.486042,0.087110,65.756014,0.999856,4.824742,0.122000,0.017182,0.596041,0.624149,count_image_topic=count_image events_topic=events imu_topic=imu lambda_a=0.542 lambda_b=0.313 metrics_enable=true metrics_log_stats=false metrics_motion_omega_min=0.10 noise_metrics_topic=/event_noise_metrics post_hot_pixel_enable=false post_hot_pixel_max_events_per_pixel=12 post_refractory_enable=true post_refractory_us=450 postfilter_adaptive_enable=false postfilter_adaptive_min_keep_pixels=6 postfilter_adaptive_min_keep_ratio=0.04 postfilter_apply_to_compensated_events=true postfilter_enable=false postfilter_min_component_pixels=4 postfilter_min_count_in_neighborhood=4 postfilter_min_count_per_pixel=1 postfilter_neighbor_radius_px=1 prefilter_ba_enable=true prefilter_ba_min_neighbors=1 prefilter_ba_radius_px=1 prefilter_ba_same_polarity_only=false prefilter_ba_support_from_kept_only=false prefilter_ba_window_us=2200 prefilter_enable=true prefilter_hot_pixel_enable=false prefilter_hot_pixel_max_events_per_batch=14 prefilter_refractory_enable=true prefilter_refractory_us=2000,log_stats=false min_count=2 morph_close=false morph_kernel=3 morph_open=true
hybrid_2,False,1.447607,504,254,0.491557,0.092203,60.437008,0.999860,5.602362,0.116644,0.031496,0.620892,0.636945,count_image_topic=count_image events_topic=events imu_topic=imu lambda_a=0.85 lambda_b=0.15 metrics_enable=true metrics_log_stats=false metrics_motion_omega_min=0.10 noise_metrics_topic=/event_noise_metrics post_hot_pixel_enable=false post_hot_pixel_max_events_per_pixel=10 post_refractory_enable=true post_refractory_us=200 postfilter_adaptive_enable=true postfilter_adaptive_min_keep_pixels=8 postfilter_adaptive_min_keep_ratio=0.03 postfilter_apply_to_compensated_events=true postfilter_enable=false postfilter_min_component_pixels=3 postfilter_min_count_in_neighborhood=3 postfilter_min_count_per_pixel=1 postfilter_neighbor_radius_px=1 prefilter_ba_enable=true prefilter_ba_min_neighbors=1 prefilter_ba_radius_px=1 prefilter_ba_same_polarity_only=false prefilter_ba_support_from_kept_only=false prefilter_ba_window_us=2500 prefilter_enable=true prefilter_hot_pixel_enable=true prefilter_hot_pixel_max_events_per_batch=10 prefilter_refractory_enable=false prefilter_refractory_us=800,log_stats=false min_count=2 morph_close=false morph_kernel=3 morph_open=false
rand_013,False,1.457928,579,306,0.495614,0.077180,70.833333,0.995502,15.006536,0.082021,0.055556,0.745684,0.631014,count_image_topic=count_image events_topic=events imu_topic=imu lambda_a=1.173 lambda_b=0.205 metrics_enable=true metrics_log_stats=false metrics_motion_omega_min=0.10 noise_metrics_topic=/event_noise_metrics post_hot_pixel_enable=true post_hot_pixel_max_events_per_pixel=10 post_refractory_enable=true post_refractory_us=250 postfilter_adaptive_enable=false postfilter_adaptive_min_keep_pixels=6 postfilter_adaptive_min_keep_ratio=0.04 postfilter_apply_to_compensated_events=true postfilter_enable=false postfilter_min_component_pixels=3 postfilter_min_count_in_neighborhood=5 postfilter_min_count_per_pixel=1 postfilter_neighbor_radius_px=1 prefilter_ba_enable=false prefilter_ba_min_neighbors=1 prefilter_ba_radius_px=1 prefilter_ba_same_polarity_only=false prefilter_ba_support_from_kept_only=false prefilter_ba_window_us=2200 prefilter_enable=false prefilter_hot_pixel_enable=false prefilter_hot_pixel_max_events_per_batch=10 prefilter_refractory_enable=false prefilter_refractory_us=800,log_stats=false min_count=3 morph_close=false morph_kernel=5 morph_open=false
rand_025,False,1.462488,296,172,0.481333,0.111928,97.389535,1.000000,4.395349,0.111928,0.017442,0.559095,0.655849,count_image_topic=count_image events_topic=events imu_topic=imu lambda_a=0.645 lambda_b=0.179 metrics_enable=true metrics_log_stats=false metrics_motion_omega_min=0.10 noise_metrics_topic=/event_noise_metrics post_hot_pixel_enable=false post_hot_pixel_max_events_per_pixel=11 post_refractory_enable=true post_refractory_us=700 postfilter_adaptive_enable=false postfilter_adaptive_min_keep_pixels=12 postfilter_adaptive_min_keep_ratio=0.05 postfilter_apply_to_compensated_events=true postfilter_enable=true postfilter_min_component_pixels=3 postfilter_min_count_in_neighborhood=8 postfilter_min_count_per_pixel=3 postfilter_neighbor_radius_px=1 prefilter_ba_enable=true prefilter_ba_min_neighbors=1 prefilter_ba_radius_px=1 prefilter_ba_same_polarity_only=false prefilter_ba_support_from_kept_only=true prefilter_ba_window_us=3000 prefilter_enable=true prefilter_hot_pixel_enable=false prefilter_hot_pixel_max_events_per_batch=9 prefilter_refractory_enable=true prefilter_refractory_us=900,log_stats=false min_count=1 morph_close=false morph_kernel=5 morph_open=true
mut_002_rand_029,False,1.467174,807,417,0.474796,0.130983,114.558753,1.000000,5.009592,0.102121,0.021583,0.538400,0.626285,count_image_topic=count_image events_topic=events imu_topic=imu lambda_a=0.826 lambda_b=0.020 metrics_enable=true metrics_log_stats=false metrics_motion_omega_min=0.10 noise_metrics_topic=/event_noise_metrics post_hot_pixel_enable=true post_hot_pixel_max_events_per_pixel=9 post_refractory_enable=false post_refractory_us=250 postfilter_adaptive_enable=false postfilter_adaptive_min_keep_pixels=10 postfilter_adaptive_min_keep_ratio=0.05 postfilter_apply_to_compensated_events=true postfilter_enable=true postfilter_min_component_pixels=3 postfilter_min_count_in_neighborhood=5 postfilter_min_count_per_pixel=1 postfilter_neighbor_radius_px=1 prefilter_ba_enable=true prefilter_ba_min_neighbors=3 prefilter_ba_radius_px=2 prefilter_ba_same_polarity_only=true prefilter_ba_support_from_kept_only=true prefilter_ba_window_us=2200 prefilter_enable=true prefilter_hot_pixel_enable=false prefilter_hot_pixel_max_events_per_batch=10 prefilter_refractory_enable=true prefilter_refractory_us=1900,log_stats=false min_count=2 morph_close=false morph_kernel=3 morph_open=false
rand_001,False,1.469300,294,146,0.470058,0.128884,103.246575,1.000000,15.732877,0.076826,0.041096,0.541776,0.631108,count_image_topic=count_image events_topic=events imu_topic=imu lambda_a=0.962 lambda_b=0.038 metrics_enable=true metrics_log_stats=false metrics_motion_omega_min=0.10 noise_metrics_topic=/event_noise_metrics post_hot_pixel_enable=false post_hot_pixel_max_events_per_pixel=12 post_refractory_enable=false post_refractory_us=700 postfilter_adaptive_enable=true postfilter_adaptive_min_keep_pixels=6 postfilter_adaptive_min_keep_ratio=0.03 postfilter_apply_to_compensated_events=true postfilter_enable=true postfilter_min_component_pixels=5 postfilter_min_count_in_neighborhood=4 postfilter_min_count_per_pixel=3 postfilter_neighbor_radius_px=1 prefilter_ba_enable=true prefilter_ba_min_neighbors=1 prefilter_ba_radius_px=1 prefilter_ba_same_polarity_only=false prefilter_ba_support_from_kept_only=true prefilter_ba_window_us=2200 prefilter_enable=true prefilter_hot_pixel_enable=true prefilter_hot_pixel_max_events_per_batch=9 prefilter_refractory_enable=false prefilter_refractory_us=300,log_stats=false min_count=2 morph_close=true morph_kernel=3 morph_open=false
rand_014,False,1.499600,510,274,0.428429,0.080637,70.496350,0.917576,1.189781,0.090831,0.000000,0.732712,0.633806,count_image_topic=count_image events_topic=events imu_topic=imu lambda_a=1.050 lambda_b=0.326 metrics_enable=true metrics_log_stats=false metrics_motion_omega_min=0.10 noise_metrics_topic=/event_noise_metrics post_hot_pixel_enable=true post_hot_pixel_max_events_per_pixel=11 post_refractory_enable=false post_refractory_us=120 postfilter_adaptive_enable=true postfilter_adaptive_min_keep_pixels=8 postfilter_adaptive_min_keep_ratio=0.03 postfilter_apply_to_compensated_events=true postfilter_enable=true postfilter_min_component_pixels=5 postfilter_min_count_in_neighborhood=4 postfilter_min_count_per_pixel=1 postfilter_neighbor_radius_px=1 prefilter_ba_enable=true prefilter_ba_min_neighbors=2 prefilter_ba_radius_px=1 prefilter_ba_same_polarity_only=true prefilter_ba_support_from_kept_only=false prefilter_ba_window_us=2200 prefilter_enable=true prefilter_hot_pixel_enable=false prefilter_hot_pixel_max_events_per_batch=11 prefilter_refractory_enable=true prefilter_refractory_us=2600,log_stats=false min_count=1 morph_close=false morph_kernel=3 morph_open=false
rand_015,False,1.516085,577,314,0.498333,0.072471,67.464968,1.000000,17.990446,0.045278,0.073248,0.800065,0.633653,count_image_topic=count_image events_topic=events imu_topic=imu lambda_a=1.141 lambda_b=0.339 metrics_enable=true metrics_log_stats=false metrics_motion_omega_min=0.10 noise_metrics_topic=/event_noise_metrics post_hot_pixel_enable=false post_hot_pixel_max_events_per_pixel=11 post_refractory_enable=false post_refractory_us=250 postfilter_adaptive_enable=true postfilter_adaptive_min_keep_pixels=12 postfilter_adaptive_min_keep_ratio=0.02 postfilter_apply_to_compensated_events=true postfilter_enable=false postfilter_min_component_pixels=3 postfilter_min_count_in_neighborhood=6 postfilter_min_count_per_pixel=1 postfilter_neighbor_radius_px=1 prefilter_ba_enable=false prefilter_ba_min_neighbors=1 prefilter_ba_radius_px=1 prefilter_ba_same_polarity_only=true prefilter_ba_support_from_kept_only=false prefilter_ba_window_us=3000 prefilter_enable=true prefilter_hot_pixel_enable=true prefilter_hot_pixel_max_events_per_batch=14 prefilter_refractory_enable=true prefilter_refractory_us=900,log_stats=false min_count=3 morph_close=false morph_kernel=5 morph_open=false
post_density_mild,False,1.518734,483,274,0.331715,0.102573,42.262774,0.583700,8.507299,0.119138,0.054745,0.567141,0.667345,count_image_topic=count_image events_topic=events imu_topic=imu lambda_a=0.70 lambda_b=0.10 metrics_enable=true metrics_log_stats=false metrics_motion_omega_min=0.10 noise_metrics_topic=/event_noise_metrics post_hot_pixel_enable=false post_hot_pixel_max_events_per_pixel=10 post_refractory_enable=false post_refractory_us=250 postfilter_adaptive_enable=true postfilter_adaptive_min_keep_pixels=8 postfilter_adaptive_min_keep_ratio=0.03 postfilter_apply_to_compensated_events=true postfilter_enable=true postfilter_min_component_pixels=3 postfilter_min_count_in_neighborhood=4 postfilter_min_count_per_pixel=1 postfilter_neighbor_radius_px=1 prefilter_ba_enable=false prefilter_ba_min_neighbors=1 prefilter_ba_radius_px=1 prefilter_ba_same_polarity_only=false prefilter_ba_support_from_kept_only=false prefilter_ba_window_us=2200 prefilter_enable=false prefilter_hot_pixel_enable=false prefilter_hot_pixel_max_events_per_batch=10 prefilter_refractory_enable=false prefilter_refractory_us=800,log_stats=false min_count=1 morph_close=false morph_kernel=3 morph_open=false
rand_023,False,1.570711,510,307,0.491599,0.065933,63.657980,0.999882,9.742671,0.060690,0.045603,0.746155,0.640384,count_image_topic=count_image events_topic=events imu_topic=imu lambda_a=0.935 lambda_b=0.338 metrics_enable=true metrics_log_stats=false metrics_motion_omega_min=0.10 noise_metrics_topic=/event_noise_metrics post_hot_pixel_enable=false post_hot_pixel_max_events_per_pixel=10 post_refractory_enable=true post_refractory_us=120 postfilter_adaptive_enable=true postfilter_adaptive_min_keep_pixels=12 postfilter_adaptive_min_keep_ratio=0.04 postfilter_apply_to_compensated_events=true postfilter_enable=false postfilter_min_component_pixels=2 postfilter_min_count_in_neighborhood=8 postfilter_min_count_per_pixel=1 postfilter_neighbor_radius_px=1 prefilter_ba_enable=false prefilter_ba_min_neighbors=1 prefilter_ba_radius_px=1 prefilter_ba_same_polarity_only=false prefilter_ba_support_from_kept_only=false prefilter_ba_window_us=2200 prefilter_enable=true prefilter_hot_pixel_enable=false prefilter_hot_pixel_max_events_per_batch=9 prefilter_refractory_enable=true prefilter_refractory_us=1200,log_stats=false min_count=1 morph_close=false morph_kernel=3 morph_open=false
rand_018,False,1.593332,556,309,0.501165,0.074488,58.873786,1.000000,3.064725,0.093428,0.016181,0.645243,0.643522,count_image_topic=count_image events_topic=events imu_topic=imu lambda_a=0.782 lambda_b=0.232 metrics_enable=true metrics_log_stats=false metrics_motion_omega_min=0.10 noise_metrics_topic=/event_noise_metrics post_hot_pixel_enable=true post_hot_pixel_max_events_per_pixel=8 post_refractory_enable=false post_refractory_us=300 postfilter_adaptive_enable=true postfilter_adaptive_min_keep_pixels=12 postfilter_adaptive_min_keep_ratio=0.04 postfilter_apply_to_compensated_events=true postfilter_enable=false postfilter_min_component_pixels=5 postfilter_min_count_in_neighborhood=3 postfilter_min_count_per_pixel=1 postfilter_neighbor_radius_px=1 prefilter_ba_enable=true prefilter_ba_min_neighbors=1 prefilter_ba_radius_px=1 prefilter_ba_same_polarity_only=true prefilter_ba_support_from_kept_only=false prefilter_ba_window_us=4000 prefilter_enable=true prefilter_hot_pixel_enable=false prefilter_hot_pixel_max_events_per_batch=12 prefilter_refractory_enable=true prefilter_refractory_us=2600,log_stats=false min_count=2 morph_close=false morph_kernel=5 morph_open=false
rand_022,False,1.593404,513,302,0.485505,0.070176,58.920530,1.000000,2.440397,0.089584,0.019868,0.649839,0.655213,count_image_topic=count_image events_topic=events imu_topic=imu lambda_a=0.711 lambda_b=0.274 metrics_enable=true metrics_log_stats=false metrics_motion_omega_min=0.10 noise_metrics_topic=/event_noise_metrics post_hot_pixel_enable=false post_hot_pixel_max_events_per_pixel=12 post_refractory_enable=false post_refractory_us=120 postfilter_adaptive_enable=true postfilter_adaptive_min_keep_pixels=6 postfilter_adaptive_min_keep_ratio=0.03 postfilter_apply_to_compensated_events=true postfilter_enable=false postfilter_min_component_pixels=3 postfilter_min_count_in_neighborhood=4 postfilter_min_count_per_pixel=1 postfilter_neighbor_radius_px=1 prefilter_ba_enable=true prefilter_ba_min_neighbors=1 prefilter_ba_radius_px=1 prefilter_ba_same_polarity_only=false prefilter_ba_support_from_kept_only=false prefilter_ba_window_us=1500 prefilter_enable=true prefilter_hot_pixel_enable=true prefilter_hot_pixel_max_events_per_batch=9 prefilter_refractory_enable=true prefilter_refractory_us=900,log_stats=false min_count=2 morph_close=false morph_kernel=3 morph_open=false
rand_016,False,1.618698,548,291,0.491729,0.065390,55.113402,1.000000,12.560137,0.066048,0.065292,0.801099,0.644267,count_image_topic=count_image events_topic=events imu_topic=imu lambda_a=1.202 lambda_b=0.266 metrics_enable=true metrics_log_stats=false metrics_motion_omega_min=0.10 noise_metrics_topic=/event_noise_metrics post_hot_pixel_enable=false post_hot_pixel_max_events_per_pixel=9 post_refractory_enable=false post_refractory_us=180 postfilter_adaptive_enable=false postfilter_adaptive_min_keep_pixels=8 postfilter_adaptive_min_keep_ratio=0.04 postfilter_apply_to_compensated_events=true postfilter_enable=false postfilter_min_component_pixels=5 postfilter_min_count_in_neighborhood=10 postfilter_min_count_per_pixel=3 postfilter_neighbor_radius_px=1 prefilter_ba_enable=false prefilter_ba_min_neighbors=3 prefilter_ba_radius_px=2 prefilter_ba_same_polarity_only=true prefilter_ba_support_from_kept_only=false prefilter_ba_window_us=3000 prefilter_enable=true prefilter_hot_pixel_enable=true prefilter_hot_pixel_max_events_per_batch=12 prefilter_refractory_enable=true prefilter_refractory_us=900,log_stats=false min_count=2 morph_close=true morph_kernel=3 morph_open=false
rand_030,False,1.667632,479,244,0.495731,0.072190,50.487705,0.999890,14.991803,0.104279,0.032787,0.749344,0.648044,count_image_topic=count_image events_topic=events imu_topic=imu lambda_a=1.204 lambda_b=0.190 metrics_enable=true metrics_log_stats=false metrics_motion_omega_min=0.10 noise_metrics_topic=/event_noise_metrics post_hot_pixel_enable=false post_hot_pixel_max_events_per_pixel=12 post_refractory_enable=true post_refractory_us=300 postfilter_adaptive_enable=false postfilter_adaptive_min_keep_pixels=12 postfilter_adaptive_min_keep_ratio=0.05 postfilter_apply_to_compensated_events=true postfilter_enable=true postfilter_min_component_pixels=3 postfilter_min_count_in_neighborhood=5 postfilter_min_count_per_pixel=3 postfilter_neighbor_radius_px=1 prefilter_ba_enable=true prefilter_ba_min_neighbors=2 prefilter_ba_radius_px=2 prefilter_ba_same_polarity_only=false prefilter_ba_support_from_kept_only=false prefilter_ba_window_us=1500 prefilter_enable=true prefilter_hot_pixel_enable=true prefilter_hot_pixel_max_events_per_batch=9 prefilter_refractory_enable=true prefilter_refractory_us=2000,log_stats=false min_count=1 morph_close=false morph_kernel=3 morph_open=false
rand_021,False,1.709675,521,304,0.496540,0.063820,53.710526,1.000000,8.483553,0.065673,0.042763,0.762715,0.651877,count_image_topic=count_image events_topic=events imu_topic=imu lambda_a=1.029 lambda_b=0.299 metrics_enable=true metrics_log_stats=false metrics_motion_omega_min=0.10 noise_metrics_topic=/event_noise_metrics post_hot_pixel_enable=false post_hot_pixel_max_events_per_pixel=12 post_refractory_enable=false post_refractory_us=450 postfilter_adaptive_enable=true postfilter_adaptive_min_keep_pixels=12 postfilter_adaptive_min_keep_ratio=0.03 postfilter_apply_to_compensated_events=true postfilter_enable=false postfilter_min_component_pixels=5 postfilter_min_count_in_neighborhood=3 postfilter_min_count_per_pixel=1 postfilter_neighbor_radius_px=1 prefilter_ba_enable=false prefilter_ba_min_neighbors=1 prefilter_ba_radius_px=1 prefilter_ba_same_polarity_only=false prefilter_ba_support_from_kept_only=false prefilter_ba_window_us=2200 prefilter_enable=true prefilter_hot_pixel_enable=true prefilter_hot_pixel_max_events_per_batch=10 prefilter_refractory_enable=false prefilter_refractory_us=800,log_stats=false min_count=1 morph_close=false morph_kernel=3 morph_open=false
rand_026,False,1.887252,510,268,0.489617,0.066015,42.694030,0.999879,3.369403,0.094856,0.011194,0.620046,0.666744,count_image_topic=count_image events_topic=events imu_topic=imu lambda_a=0.645 lambda_b=0.242 metrics_enable=true metrics_log_stats=false metrics_motion_omega_min=0.10 noise_metrics_topic=/event_noise_metrics post_hot_pixel_enable=false post_hot_pixel_max_events_per_pixel=9 post_refractory_enable=true post_refractory_us=450 postfilter_adaptive_enable=true postfilter_adaptive_min_keep_pixels=10 postfilter_adaptive_min_keep_ratio=0.02 postfilter_apply_to_compensated_events=true postfilter_enable=false postfilter_min_component_pixels=5 postfilter_min_count_in_neighborhood=4 postfilter_min_count_per_pixel=1 postfilter_neighbor_radius_px=1 prefilter_ba_enable=true prefilter_ba_min_neighbors=1 prefilter_ba_radius_px=1 prefilter_ba_same_polarity_only=false prefilter_ba_support_from_kept_only=false prefilter_ba_window_us=2200 prefilter_enable=true prefilter_hot_pixel_enable=true prefilter_hot_pixel_max_events_per_batch=14 prefilter_refractory_enable=true prefilter_refractory_us=900,log_stats=false min_count=1 morph_close=false morph_kernel=3 morph_open=false
